INSERT INTO `roles` (`id`, `nombre`, `descripcion`, `status`, `created_at`, `updated_at`) VALUES (NULL, 'Administrador', 'Usuario tipo administrador', '1', NULL, NULL);
INSERT INTO `roles` (`id`, `nombre`, `descripcion`, `status`, `created_at`, `updated_at`) VALUES (NULL, 'Cliente', 'Usuario tipo cliente', '1', NULL, NULL);

INSERT INTO `users` (`id`, `name`, `email`, `password`, `avatar`, `rol_id`, `ciudad`, `remember_token`, `status`, `created_at`, `updated_at`) VALUES
(1, 'administrador', 'admin@admin.com', '$2y$10$RGfpQ643xb1.KYiRm5NWoujC3P/3ARhHAb6xJk0da.qAdrFIr.Y4C', NULL, 1, NULL, NULL, 1, '2020-10-27 22:00:00', '2020-10-27 22:00:00'),
(2, 'Cliente', 'cliente@cliente.com', '$2y$10$RGfpQ643xb1.KYiRm5NWoujC3P/3ARhHAb6xJk0da.qAdrFIr.Y4C', NULL, 2, NULL, NULL, 1, '2020-10-27 22:00:00', '2020-10-27 22:00:00');






INSERT INTO `monedas` (`id`, `nombre`, `simbolo`, `created_at`, `updated_at`) VALUES (NULL, 'pesos', '$', NULL, NULL);

INSERT INTO `precios` (`id`, `de`, `hasta`, `moneda_id`, `created_at`, `updated_at`) VALUES (NULL, '0', '10000', '1', NULL, NULL), (NULL, '10000', '20000', '1', NULL, NULL), (NULL, '20000', '40000', '1', NULL, NULL), (NULL, '40000', '60000', '1', NULL, NULL), (NULL, '60000', '100000', '1', NULL, NULL);

INSERT INTO `tipo_anuncio` (`id`, `nombre`, `descripcion`, `created_at`, `updated_at`) VALUES (NULL, 'Venta', 'Artículos dirigidos a la venta, con una compensación monetaria', NULL, NULL), (NULL, 'Trueque', 'Artículo dirigido al cambio, con una compensación de un objeto de interés o de igual valor', NULL, NULL);



INSERT INTO `categorias` (`id`, `nombre`, `descripcion`, `icon`, `foto`, `color`, `created_at`, `updated_at`) VALUES
(1, 'Vehículos', 'Vehículos', '<svg xmlns=\"http://www.w3.org/2000/svg\" xmlns:xlink=\"http://www.w3.org/1999/xlink\" aria-hidden=\"true\" focusable=\"false\" width=\"4em\" height=\"4em\" style=\"-ms-transform: rotate(360deg); -webkit-transform: rotate(360deg); transform: rotate(360deg);\" preserveAspectRatio=\"xMidYMid meet\" viewBox=\"0 0 1024 1024\"><path d=\"M380 704h264c4.4 0 8-3.6 8-8v-84c0-4.4-3.6-8-8-8h-40c-4.4 0-8 3.6-8 8v36H428v-36c0-4.4-3.6-8-8-8h-40c-4.4 0-8 3.6-8 8v84c0 4.4 3.6 8 8 8zm340-123a40 40 0 1 0 80 0a40 40 0 1 0-80 0zm239-167.6L935.3 372a8 8 0 0 0-10.9-2.9l-50.7 29.6l-78.3-216.2a63.9 63.9 0 0 0-60.9-44.4H301.2c-34.7 0-65.5 22.4-76.2 55.5l-74.6 205.2l-50.8-29.6a8 8 0 0 0-10.9 2.9L65 413.4c-2.2 3.8-.9 8.6 2.9 10.8l60.4 35.2l-14.5 40c-1.2 3.2-1.8 6.6-1.8 10v348.2c0 15.7 11.8 28.4 26.3 28.4h67.6c12.3 0 23-9.3 25.6-22.3l7.7-37.7h545.6l7.7 37.7c2.7 13 13.3 22.3 25.6 22.3h67.6c14.5 0 26.3-12.7 26.3-28.4V509.4c0-3.4-.6-6.8-1.8-10l-14.5-40l60.3-35.2a8 8 0 0 0 3-10.8zM840 517v237H184V517l15.6-43h624.8l15.6 43zM292.7 218.1l.5-1.3l.4-1.3c1.1-3.3 4.1-5.5 7.6-5.5h427.6l75.4 208H220l72.7-199.9zM224 581a40 40 0 1 0 80 0a40 40 0 1 0-80 0z\" fill=\"#626262\"/></svg>', NULL, 'palevioletred', '2020-12-18 04:35:54', '2020-12-17 23:02:47'),
(2, 'Propiedades', 'Propiedades', '<svg xmlns=\"http://www.w3.org/2000/svg\" xmlns:xlink=\"http://www.w3.org/1999/xlink\" aria-hidden=\"true\" focusable=\"false\" width=\"4em\" height=\"4em\" style=\"-ms-transform: rotate(360deg); -webkit-transform: rotate(360deg); transform: rotate(360deg);\" preserveAspectRatio=\"xMidYMid meet\" viewBox=\"0 0 24 24\"><path d=\"M19 2H9c-1.103 0-2 .897-2 2v5.586l-4.707 4.707A1 1 0 0 0 3 16v5a1 1 0 0 0 1 1h16a1 1 0 0 0 1-1V4c0-1.103-.897-2-2-2zm-8 18H5v-5.586l3-3l3 3V20zm8 0h-6v-4a.999.999 0 0 0 .707-1.707L9 9.586V4h10v16z\" fill=\"#626262\"/><path d=\"M11 6h2v2h-2zm4 0h2v2h-2zm0 4.031h2V12h-2zM15 14h2v2h-2zm-8 1h2v2H7z\" fill=\"#626262\"/></svg>', NULL, 'palevioletred', '2020-12-18 04:36:07', '2020-12-18 04:36:07'),
(3, 'Tecnología', 'Tecnología', '<svg xmlns=\"http://www.w3.org/2000/svg\" xmlns:xlink=\"http://www.w3.org/1999/xlink\" aria-hidden=\"true\" focusable=\"false\" width=\"4em\" height=\"4em\" style=\"-ms-transform: rotate(360deg); -webkit-transform: rotate(360deg); transform: rotate(360deg);\" preserveAspectRatio=\"xMidYMid meet\" viewBox=\"0 0 1024 1024\"><path d=\"M956.9 845.1L896.4 632V168c0-17.7-14.3-32-32-32h-704c-17.7 0-32 14.3-32 32v464L67.9 845.1C60.4 866 75.8 888 98 888h828.8c22.2 0 37.6-22 30.1-42.9zM200.4 208h624v395h-624V208zm228.3 608l8.1-37h150.3l8.1 37H428.7zm224 0l-19.1-86.7c-.8-3.7-4.1-6.3-7.8-6.3H398.2c-3.8 0-7 2.6-7.8 6.3L371.3 816H151l42.3-149h638.2l42.3 149H652.7z\" fill=\"#626262\"/></svg>', '/uploads/categorias/phpE206.tmp.png', 'palevioletred', '2020-12-18 04:36:15', '2021-01-07 14:26:00'),
(4, 'Hogar', 'Hogar', '<svg xmlns=\"http://www.w3.org/2000/svg\" xmlns:xlink=\"http://www.w3.org/1999/xlink\" aria-hidden=\"true\" focusable=\"false\" width=\"4em\" height=\"4em\" style=\"-ms-transform: rotate(360deg); -webkit-transform: rotate(360deg); transform: rotate(360deg);\" preserveAspectRatio=\"xMidYMid meet\" viewBox=\"0 0 1024 1024\"><path d=\"M946.5 505L560.1 118.8l-25.9-25.9a31.5 31.5 0 0 0-44.4 0L77.5 505a63.9 63.9 0 0 0-18.8 46c.4 35.2 29.7 63.3 64.9 63.3h42.5V940h691.8V614.3h43.4c17.1 0 33.2-6.7 45.3-18.8a63.6 63.6 0 0 0 18.7-45.3c0-17-6.7-33.1-18.8-45.2zM568 868H456V664h112v204zm217.9-325.7V868H632V640c0-22.1-17.9-40-40-40H432c-22.1 0-40 17.9-40 40v228H238.1V542.3h-96l370-369.7l23.1 23.1L882 542.3h-96.1z\" fill=\"#626262\"/></svg>', NULL, 'palevioletred', '2020-12-18 04:36:23', '2021-01-07 14:56:10'),
(5, 'Servicios', 'Servicios', '<svg xmlns=\"http://www.w3.org/2000/svg\" xmlns:xlink=\"http://www.w3.org/1999/xlink\" aria-hidden=\"true\" focusable=\"false\" width=\"4em\" height=\"4em\" style=\"-ms-transform: rotate(360deg); -webkit-transform: rotate(360deg); transform: rotate(360deg);\" preserveAspectRatio=\"xMidYMid meet\" viewBox=\"0 0 24 24\"><path d=\"M16 11h-1V3c0-1.1-.9-2-2-2h-2c-1.1 0-2 .9-2 2v8H8c-2.76 0-5 2.24-5 5v7h18v-7c0-2.76-2.24-5-5-5zm3 10h-2v-3c0-.55-.45-1-1-1s-1 .45-1 1v3h-2v-3c0-.55-.45-1-1-1s-1 .45-1 1v3H9v-3c0-.55-.45-1-1-1s-1 .45-1 1v3H5v-5c0-1.65 1.35-3 3-3h8c1.65 0 3 1.35 3 3v5z\" fill=\"#626262\"/></svg>', NULL, 'palevioletred', '2020-12-18 04:36:30', '2020-12-18 04:36:30'),
(6, 'Deportes', 'Deportes', '<svg xmlns=\"http://www.w3.org/2000/svg\" xmlns:xlink=\"http://www.w3.org/1999/xlink\" aria-hidden=\"true\" focusable=\"false\" width=\"4em\" height=\"4em\" style=\"-ms-transform: rotate(360deg); -webkit-transform: rotate(360deg); transform: rotate(360deg);\" preserveAspectRatio=\"xMidYMid meet\" viewBox=\"0 0 496 512\"><path d=\"M212.3 10.3c-43.8 6.3-86.2 24.1-122.2 53.8l77.4 77.4c27.8-35.8 43.3-81.2 44.8-131.2zM248 222L405.9 64.1c-42.4-35-93.6-53.5-145.5-56.1c-1.2 63.9-21.5 122.3-58.7 167.7L248 222zM56.1 98.1c-29.7 36-47.5 78.4-53.8 122.2c50-1.5 95.5-17 131.2-44.8L56.1 98.1zm272.2 204.2c45.3-37.1 103.7-57.4 167.7-58.7c-2.6-51.9-21.1-103.1-56.1-145.5L282 256l46.3 46.3zM248 290L90.1 447.9c42.4 34.9 93.6 53.5 145.5 56.1c1.3-64 21.6-122.4 58.7-167.7L248 290zm191.9 123.9c29.7-36 47.5-78.4 53.8-122.2c-50.1 1.6-95.5 17.1-131.2 44.8l77.4 77.4zM167.7 209.7C122.3 246.9 63.9 267.3 0 268.4c2.6 51.9 21.1 103.1 56.1 145.5L214 256l-46.3-46.3zm116 292c43.8-6.3 86.2-24.1 122.2-53.8l-77.4-77.4c-27.7 35.7-43.2 81.2-44.8 131.2z\" fill=\"#626262\"/></svg>', '/uploads/categorias/php1422.tmp.png', 'palevioletred', '2020-12-18 04:36:39', '2021-01-07 14:18:36'),
(7, 'Electrodomésticos', 'Electrodomésticos', '<svg xmlns=\"http://www.w3.org/2000/svg\" xmlns:xlink=\"http://www.w3.org/1999/xlink\" aria-hidden=\"true\" focusable=\"false\" width=\"4em\" height=\"4em\" style=\"-ms-transform: rotate(360deg); -webkit-transform: rotate(360deg); transform: rotate(360deg);\" preserveAspectRatio=\"xMidYMid meet\" viewBox=\"0 0 24 24\"><path d=\"M18 2.01L6 2a2 2 0 0 0-2 2v16c0 1.1.9 2 2 2h12c1.1 0 2-.9 2-2V4c0-1.11-.9-1.99-2-1.99zM17 20H7c-.55 0-1-.45-1-1v-7.02c0-.55.45-1 1-1h10c.55 0 1 .45 1 1V19c0 .55-.45 1-1 1zm0-11H7c-.55 0-1-.45-1-1V5c0-.55.45-1 1-1h10c.55 0 1 .45 1 1v3c0 .55-.45 1-1 1zM9 5c.55 0 1 .45 1 1v1c0 .55-.45 1-1 1s-1-.45-1-1V6c0-.55.45-1 1-1zm0 7c.55 0 1 .45 1 1v3c0 .55-.45 1-1 1s-1-.45-1-1v-3c0-.55.45-1 1-1z\" fill=\"#626262\"/></svg>', NULL, 'palevioletred', '2020-12-18 04:36:47', '2020-12-18 04:36:47'),
(8, 'Moda - Belleza', 'Moda - Belleza', '<svg xmlns=\"http://www.w3.org/2000/svg\" xmlns:xlink=\"http://www.w3.org/1999/xlink\" aria-hidden=\"true\" focusable=\"false\" width=\"4em\" height=\"4em\" style=\"-ms-transform: rotate(360deg); -webkit-transform: rotate(360deg); transform: rotate(360deg);\" preserveAspectRatio=\"xMidYMid meet\" viewBox=\"0 0 64 64\"><path d=\"M62 44.867l-2.072-2.074l1.059-1.061l-17.243-17.255l-.718.718l-2.599-2.6l-.694.695l-11.525-11.533l-.842.843l-6.22-6.258C20.388 5.451 18.619 5 15.891 5c-1.569 0-3.332.161-5.099.466c-3.446.594-7.494 1.858-8.524 3.623c-.283.486-.345 1.02-.171 1.505c.062.173.158.34.29.505c.034.047.07.092.113.134l13.115 13.128l-.821.822L26.32 36.715l-.696.696l2.599 2.6l-.718.718L44.75 57.983l1.056-1.059L47.88 59L62 44.867M7.146 9.648c-2.307 0-3.451-.341-3.841-.508c.651-.66 3.226-1.94 7.64-2.703c1.813-.312 3.613-.476 5.207-.476c2.311 0 3.455.341 3.845.506c-.651.661-3.226 1.941-7.641 2.704c-1.813.312-3.616.477-5.21.477m10.471 15.535l10.591-10.599l10.113 10.12l-10.589 10.597l-10.115-10.118m10.83 12.228l11.98-11.989l1.187 1.187l-11.979 11.989l-1.188-1.187m30.069 6.794l.661.662L47.88 56.174l-.662-.662l11.298-11.307\" fill=\"#626262\"/></svg>', NULL, 'palevioletred', '2020-12-18 04:36:54', '2020-12-18 04:36:54'),
(9, 'Consolas y videojuegos', 'Consolas y videojuegos', '<svg xmlns=\"http://www.w3.org/2000/svg\" xmlns:xlink=\"http://www.w3.org/1999/xlink\" aria-hidden=\"true\" focusable=\"false\" width=\"4em\" height=\"4em\" style=\"-ms-transform: rotate(360deg); -webkit-transform: rotate(360deg); transform: rotate(360deg);\" preserveAspectRatio=\"xMidYMid meet\" viewBox=\"0 0 32 32\"><path d=\"M7.51 26a5.48 5.48 0 0 1-1.44-.19A5.6 5.6 0 0 1 2.19 19l2.33-8.84a5.54 5.54 0 0 1 2.59-3.43a5.43 5.43 0 0 1 4.15-.54A5.52 5.52 0 0 1 14.7 9h2.6a5.49 5.49 0 0 1 3.44-2.81a5.43 5.43 0 0 1 4.15.54a5.57 5.57 0 0 1 2.59 3.41L29.81 19a5.6 5.6 0 0 1-3.89 6.83a5.43 5.43 0 0 1-4.15-.54a5.54 5.54 0 0 1-2.59-3.41L19 21h-6l-.23.86a5.54 5.54 0 0 1-2.59 3.41a5.46 5.46 0 0 1-2.67.73zM9.83 8a3.49 3.49 0 0 0-1.72.46a3.6 3.6 0 0 0-1.66 2.19l-2.33 8.84a3.6 3.6 0 0 0 2.48 4.39a3.43 3.43 0 0 0 2.62-.34a3.54 3.54 0 0 0 1.66-2.19L11.5 19h9l.61 2.35a3.58 3.58 0 0 0 1.66 2.19a3.46 3.46 0 0 0 2.63.34a3.58 3.58 0 0 0 2.47-4.39l-2.33-8.84a3.55 3.55 0 0 0-1.65-2.19a3.46 3.46 0 0 0-2.63-.34a3.55 3.55 0 0 0-2.37 2.22l-.24.66h-5.3l-.24-.66a3.56 3.56 0 0 0-2.38-2.22a3.48 3.48 0 0 0-.9-.12z\" fill=\"#626262\"/><path d=\"M10 16a2 2 0 1 1 2-2a2 2 0 0 1-2 2zm0-2z\" fill=\"#626262\"/><circle cx=\"22\" cy=\"12\" r=\"1\" fill=\"#626262\"/><circle cx=\"22\" cy=\"16\" r=\"1\" fill=\"#626262\"/><circle cx=\"20\" cy=\"14\" r=\"1\" fill=\"#626262\"/><circle cx=\"24\" cy=\"14\" r=\"1\" fill=\"#626262\"/></svg>', '/uploads/categorias/php45C5.tmp.png', 'palevioletred', '2020-12-18 04:37:02', '2021-01-07 14:25:20'),
(10, 'Mascotas', 'Mascotas', '<svg xmlns=\"http://www.w3.org/2000/svg\" xmlns:xlink=\"http://www.w3.org/1999/xlink\" aria-hidden=\"true\" focusable=\"false\" width=\"4em\" height=\"4em\" style=\"-ms-transform: rotate(360deg); -webkit-transform: rotate(360deg); transform: rotate(360deg);\" preserveAspectRatio=\"xMidYMid meet\" viewBox=\"0 0 64 64\"><path d=\"M18.137 21.824c-5.645 1.549-9.088 7.132-8.092 10.944c.998 3.813 4.766-.53 10.411-2.08c5.643-1.551 11.024.281 10.028-3.532c-.997-3.813-6.702-6.883-12.347-5.332\" fill=\"#626262\"/><path d=\"M13.768 20.047c1.701-.632 1.918-4.417 1.012-6.969c-.906-2.55-3.02-4.103-4.721-3.469c-1.7.635-2.344 3.217-1.438 5.767c.906 2.551 3.445 5.306 5.147 4.671\" fill=\"#626262\"/><path d=\"M20.708 18.078c1.803-.162 2.967-3.759 2.736-6.465c-.23-2.704-1.879-4.763-3.682-4.604c-1.803.163-3.079 2.486-2.848 5.19c.232 2.704 1.989 6.041 3.794 5.879\" fill=\"#626262\"/><path d=\"M28.678 10.164c-1.809 0-3.275 2.2-3.275 4.914c0 2.716 1.467 6.195 3.275 6.195c1.81 0 3.276-3.479 3.276-6.195c.001-2.715-1.466-4.914-3.276-4.914\" fill=\"#626262\"/><path d=\"M3.318 17.127c-1.568.926-1.766 3.584-.439 5.936c1.324 2.35 4.293 4.612 5.86 3.685c1.568-.927 1.141-4.693-.184-7.043c-1.325-2.352-3.671-3.505-5.237-2.578\" fill=\"#626262\"/><path d=\"M45.865 44.529c-5.645-1.551-11.352 1.52-12.348 5.332c-.998 3.813 4.385 1.981 10.029 3.532c5.645 1.55 9.412 5.893 10.408 2.08c.998-3.812-2.446-9.394-8.089-10.944\" fill=\"#626262\"/><path d=\"M50.234 42.755c1.699.632 4.24-2.123 5.146-4.674c.906-2.551.262-5.133-1.438-5.767c-1.701-.635-3.813.919-4.719 3.47s-.69 6.336 1.011 6.971\" fill=\"#626262\"/><path d=\"M43.295 40.782c1.803.162 3.561-3.174 3.791-5.878s-1.043-5.028-2.846-5.19c-1.803-.16-3.451 1.9-3.684 4.605c-.23 2.705.936 6.301 2.739 6.463\" fill=\"#626262\"/><path d=\"M35.322 43.978c1.811 0 3.277-3.479 3.277-6.195c0-2.714-1.467-4.914-3.277-4.914s-3.277 2.2-3.277 4.916c0 2.714 1.469 6.193 3.277 6.193\" fill=\"#626262\"/><path d=\"M60.683 39.832c-1.568-.927-3.912.226-5.236 2.577c-1.323 2.351-1.751 6.117-.186 7.044c1.568.927 4.537-1.335 5.861-3.685c1.324-2.351 1.127-5.009-.439-5.936\" fill=\"#626262\"/></svg>', NULL, 'palevioletred', '2020-12-18 04:37:15', '2020-12-18 04:37:15'),
(11, 'Máquinas - Herramientas', 'Máquinas - Herramientas', '<svg xmlns=\"http://www.w3.org/2000/svg\" xmlns:xlink=\"http://www.w3.org/1999/xlink\" aria-hidden=\"true\" focusable=\"false\" width=\"4em\" height=\"4em\" style=\"-ms-transform: rotate(360deg); -webkit-transform: rotate(360deg); transform: rotate(360deg);\" preserveAspectRatio=\"xMidYMid meet\" viewBox=\"0 0 16 16\"><g fill=\"#626262\"><path fill-rule=\"evenodd\" clip-rule=\"evenodd\" d=\"M14.773 3.485l-.78-.184l-2.108 2.096l-1.194-1.216l2.056-2.157l-.18-.792a4.42 4.42 0 0 0-1.347-.228a3.64 3.64 0 0 0-1.457.28a3.824 3.824 0 0 0-1.186.84a3.736 3.736 0 0 0-.875 1.265a3.938 3.938 0 0 0 0 2.966a335.341 335.341 0 0 0-6.173 6.234c-.21.275-.31.618-.284.963a1.403 1.403 0 0 0 .464.967c.124.135.272.247.437.328c.17.075.353.118.538.127c.316-.006.619-.126.854-.337c1.548-1.457 4.514-4.45 6.199-6.204c.457.194.948.294 1.444.293a3.736 3.736 0 0 0 2.677-1.133a3.885 3.885 0 0 0 1.111-2.73a4.211 4.211 0 0 0-.196-1.378zM2.933 13.928a.31.31 0 0 1-.135.07a.437.437 0 0 1-.149 0a.346.346 0 0 1-.144-.057a.336.336 0 0 1-.114-.11c-.14-.143-.271-.415-.14-.568c1.37-1.457 4.191-4.305 5.955-6.046c.1.132.21.258.328.376c.118.123.245.237.38.341c-1.706 1.75-4.488 4.564-5.98 5.994zm11.118-9.065c.002.765-.296 1.5-.832 2.048a2.861 2.861 0 0 1-4.007 0a2.992 2.992 0 0 1-.635-3.137A2.748 2.748 0 0 1 10.14 2.18a2.76 2.76 0 0 1 1.072-.214h.254L9.649 3.839v.696l1.895 1.886h.66l1.847-1.816v.258zM3.24 6.688h1.531l.705.717l.678-.674l-.665-.678V6.01l.057-1.649l-.22-.437l-2.86-1.882l-.591.066l-.831.849l-.066.599l1.838 2.918l.424.215zm-.945-3.632L4.609 4.58L4.57 5.703H3.494L2.002 3.341l.293-.285zm7.105 6.96l.674-.673l3.106 3.185a1.479 1.479 0 0 1 0 2.039a1.404 1.404 0 0 1-1.549.315a1.31 1.31 0 0 1-.437-.315l-3.142-3.203l.679-.678l3.132 3.194a.402.402 0 0 0 .153.105a.477.477 0 0 0 .359 0a.403.403 0 0 0 .153-.105a.436.436 0 0 0 .1-.153a.525.525 0 0 0 .036-.184a.547.547 0 0 0-.035-.184a.436.436 0 0 0-.1-.153L9.4 10.016z\"/></g></svg>', NULL, 'palevioletred', '2020-12-18 04:37:25', '2020-12-18 04:37:25'),
(12, 'Juegos y bebés', 'Juegos y bebés', '<svg xmlns=\"http://www.w3.org/2000/svg\" xmlns:xlink=\"http://www.w3.org/1999/xlink\" aria-hidden=\"true\" focusable=\"false\" width=\"4em\" height=\"4em\" style=\"-ms-transform: rotate(360deg); -webkit-transform: rotate(360deg); transform: rotate(360deg);\" preserveAspectRatio=\"xMidYMid meet\" viewBox=\"0 0 24 24\"><path d=\"M11.28 2.8l-.5.5c-1.34-.75-2.94-.9-4.37-.43l-.08-.07c-.97-.98-2.56-.98-3.53 0s-.98 2.56 0 3.53l.07.08c-.47 1.43-.32 3.03.43 4.37l-.5.5a1.49 1.49 0 0 0 0 2.12l1.41 1.42c.59.58 1.53.58 2.12 0l.35-.36l7.08 7.07c.58.59 1.53.59 2.12 0l5.65-5.65c.59-.59.59-1.54 0-2.13l-7.07-7.07l.36-.35c.58-.59.58-1.53 0-2.12L13.4 2.79a1.5 1.5 0 0 0-2.12.01M4.25 7.05c.08-.34.22-.67.41-.98l-.8-.8a.854.854 0 0 1-.23-.37c-.13-.34-.06-.76.23-1.04s.7-.36 1.04-.23c.14.04.26.12.37.23l.8.8c.31-.19.64-.33.98-.41c.86-.25 1.78-.19 2.6.17L4.42 9.65c-.36-.82-.42-1.74-.17-2.6m16.22 7.77l-5.65 5.65l-7.07-7.07l5.65-5.65l7.07 7.07m-6.71-9.55l-8.49 8.49l-1.41-1.42l8.48-8.48l1.42 1.41m1.06 6.36l-3.19 3.19l-1.06-1.06l3.19-3.19l1.06 1.06m2.12 2.13l-3.18 3.18l-1.07-1.06l3.19-3.19l1.06 1.07z\" fill=\"#626262\"/></svg>', NULL, 'palevioletred', '2020-12-18 04:37:33', '2020-12-18 04:37:33'),
(13, 'Música, cine y arte', 'Música, cine y arte', '<svg xmlns=\"http://www.w3.org/2000/svg\" xmlns:xlink=\"http://www.w3.org/1999/xlink\" aria-hidden=\"true\" focusable=\"false\" width=\"4em\" height=\"4em\" style=\"-ms-transform: rotate(360deg); -webkit-transform: rotate(360deg); transform: rotate(360deg);\" preserveAspectRatio=\"xMidYMid meet\" viewBox=\"0 0 16 16\"><g fill=\"#626262\"><path d=\"M6 13c0 1.105-1.12 2-2.5 2S1 14.105 1 13c0-1.104 1.12-2 2.5-2s2.5.896 2.5 2zm9-2c0 1.105-1.12 2-2.5 2s-2.5-.895-2.5-2s1.12-2 2.5-2s2.5.895 2.5 2z\"/><path fill-rule=\"evenodd\" d=\"M14 11V2h1v9h-1zM6 3v10H5V3h1z\"/><path d=\"M5 2.905a1 1 0 0 1 .9-.995l8-.8a1 1 0 0 1 1.1.995V3L5 4V2.905z\"/></g></svg>', NULL, 'palevioletred', '2020-12-18 04:37:40', '2020-12-18 04:37:40'),
(14, 'Libros', 'Libros', '<svg xmlns=\"http://www.w3.org/2000/svg\" xmlns:xlink=\"http://www.w3.org/1999/xlink\" aria-hidden=\"true\" focusable=\"false\" width=\"4em\" height=\"4em\" style=\"-ms-transform: rotate(360deg); -webkit-transform: rotate(360deg); transform: rotate(360deg);\" preserveAspectRatio=\"xMidYMid meet\" viewBox=\"0 0 24 24\"><path d=\"M19 2H6c-1.206 0-3 .799-3 3v14c0 2.201 1.794 3 3 3h15v-2H6.012C5.55 19.988 5 19.806 5 19c0-.101.009-.191.024-.273c.112-.576.584-.717.988-.727H21V4a2 2 0 0 0-2-2zm0 9l-2-1l-2 1V4h4v7z\" fill=\"#626262\"/></svg>', '/uploads/categorias/php7F53.tmp.png', 'palevioletred', '2020-12-18 04:37:47', '2021-01-07 14:33:13'),
(15, 'Salud y terapia', 'Salud y terapia', '<svg xmlns=\"http://www.w3.org/2000/svg\" xmlns:xlink=\"http://www.w3.org/1999/xlink\" aria-hidden=\"true\" focusable=\"false\" width=\"4em\" height=\"4em\" style=\"-ms-transform: rotate(360deg); -webkit-transform: rotate(360deg); transform: rotate(360deg);\" preserveAspectRatio=\"xMidYMid meet\" viewBox=\"0 0 32 32\"><path d=\"M19 28h-6a2.002 2.002 0 0 1-2-2v-5H6a2.002 2.002 0 0 1-2-2v-6a2.002 2.002 0 0 1 2-2h5V6a2.002 2.002 0 0 1 2-2h6a2.002 2.002 0 0 1 2 2v5h5a2.002 2.002 0 0 1 2 2v6a2.003 2.003 0 0 1-2 2h-5v5a2.003 2.003 0 0 1-2 2zM6 13v6h7v7h6v-7h7v-6h-7V6h-6v7z\" fill=\"#626262\"/></svg>', NULL, 'palevioletred', '2020-12-18 04:37:55', '2020-12-18 04:37:55'),
(16, 'Útiles escolares', 'Útiles escolares', '<svg xmlns=\"http://www.w3.org/2000/svg\" xmlns:xlink=\"http://www.w3.org/1999/xlink\" aria-hidden=\"true\" focusable=\"false\" width=\"4em\" height=\"4em\" style=\"-ms-transform: rotate(360deg); -webkit-transform: rotate(360deg); transform: rotate(360deg);\" preserveAspectRatio=\"xMidYMid meet\" viewBox=\"0 0 16 16\"><g fill=\"#626262\"><path fill-rule=\"evenodd\" d=\"M11.293 1.293a1 1 0 0 1 1.414 0l2 2a1 1 0 0 1 0 1.414l-9 9a1 1 0 0 1-.39.242l-3 1a1 1 0 0 1-1.266-1.265l1-3a1 1 0 0 1 .242-.391l9-9zM12 2l2 2l-9 9l-3 1l1-3l9-9z\"/><path fill-rule=\"evenodd\" d=\"M12.146 6.354l-2.5-2.5l.708-.708l2.5 2.5l-.707.708zM3 10v.5a.5.5 0 0 0 .5.5H4v.5a.5.5 0 0 0 .5.5H5v.5a.5.5 0 0 0 .5.5H6v-1.5a.5.5 0 0 0-.5-.5H5v-.5a.5.5 0 0 0-.5-.5H3z\"/></g></svg>', NULL, 'palevioletred', '2020-12-18 04:38:02', '2020-12-18 04:38:02'),
(17, 'Bonos y suscripciones', 'Bonos y suscripciones', '<svg xmlns=\"http://www.w3.org/2000/svg\" xmlns:xlink=\"http://www.w3.org/1999/xlink\" aria-hidden=\"true\" focusable=\"false\" width=\"4em\" height=\"4em\" style=\"-ms-transform: rotate(360deg); -webkit-transform: rotate(360deg); transform: rotate(360deg);\" preserveAspectRatio=\"xMidYMid meet\" viewBox=\"0 0 26 26\"><path d=\"M4 0v19c0 .555-.445 1-1 1c-.555 0-1-.445-1-1V7h1V5H0v14c0 1.645 1.355 3 3 3h10c-.2-.6-.313-1.3-.313-2H5.814c.114-.316.187-.647.187-1V2h16v11c.7.2 1.4.5 2 1V0H4zm4 4v4h12V4H8zm0 6v2h5v-2H8zm7 0v2h5v-2h-5zm-7 3v2h5v-2H8zm12 1c-3.324 0-6 2.676-6 6s2.676 6 6 6v-2c-2.276 0-4-1.724-4-4s1.724-4 4-4s4 1.724 4 4c0 .868-.247 1.67-.688 2.313L22 21l-.5 4.5L26 25l-1.25-1.25C25.581 22.706 26 21.377 26 20c0-3.324-2.676-6-6-6zM8 16v2h5v-2H8z\" fill=\"#626262\"/></svg>', NULL, 'palevioletred', '2020-12-18 04:38:09', '2020-12-18 04:38:09'),
(18, 'Instrumentos musicales', 'Instrumentos musicales', '<svg xmlns=\"http://www.w3.org/2000/svg\" xmlns:xlink=\"http://www.w3.org/1999/xlink\" aria-hidden=\"true\" focusable=\"false\" width=\"4em\" height=\"4em\" style=\"-ms-transform: rotate(360deg); -webkit-transform: rotate(360deg); transform: rotate(360deg);\" preserveAspectRatio=\"xMidYMid meet\" viewBox=\"0 0 64 64\"><circle cx=\"17.067\" cy=\"56.547\" r=\"1.844\" fill=\"#626262\"/><path d=\"M24.759 44.225l-4.987-4.982l2.443-2.445L27.2 41.78z\" fill=\"#626262\"/><path d=\"M14.988 44.026l2.444-2.443l4.983 4.984l-2.444 2.444z\" fill=\"#626262\"/><path d=\"M13.423 46.813l3.86 3.86l-1.393 1.393l-3.86-3.86z\" fill=\"#626262\"/><path d=\"M20.935 52.026a2.306 2.306 0 1 0 3.262 0c-.901-.9-2.361-.9-3.262 0\" fill=\"#626262\"/><path d=\"M59.897 12.03l-.496-.495c3.267-3.104 3.558-3.941.281-7.216c-3.277-3.28-4.115-2.986-7.218.28l-.494-.495c.433-.53.614-1.058.135-1.537c-.59-.589-1.25-.19-1.903.463c-.652.652-1.049 1.311-.461 1.898c.48.479 1.006.301 1.537-.132l.516.516c-.753.803-1.628 1.742-2.678 2.821l-.588-.588c.434-.531.611-1.057.134-1.537c-.589-.586-1.249-.191-1.899.459c-.654.654-1.051 1.313-.461 1.902c.479.479 1.006.298 1.537-.136l.595.595c-.115.116-.218.223-.337.342c-.916.916-1.708 1.713-2.391 2.433l-.617-.618c.432-.531.611-1.057.131-1.535c-.588-.588-1.248-.193-1.898.459c-.652.654-1.051 1.313-.461 1.9c.48.48 1.006.302 1.537-.132l.643.645c-1.969 2.182-2.646 3.573-1.898 5.143L30.276 29.606c-1.586-1.542-3.384-2.817-6.171-2.604c-6.663.504-2.295 8.092-10.83 8.66c-3.052.201-5.95.871-8.046 2.972c-5.33 5.328-3.626 12.642 1.934 18.204c5.559 5.56 12.874 7.261 18.203 1.934c2.779-2.777 2.686-7.816 3.615-10.827c1.199-3.891 7.463-2.574 7.176-6.902c-.025-.408-.125-.666-.281-.82c-.779-.779-2.963 1.078-4.276-.236c-.412-.41-.736-1.135-.906-2.34L46.535 20.86c1.57.749 2.963.07 5.146-1.899l.643.643c-.434.532-.611 1.059-.135 1.539c.588.588 1.25.191 1.902-.463c.652-.65 1.049-1.311.459-1.9c-.479-.478-1.005-.298-1.536.135l-.617-.616c.721-.683 1.517-1.475 2.433-2.392c.119-.119.227-.221.344-.337l.591.594c-.433.532-.612 1.058-.131 1.538c.588.588 1.247.191 1.899-.461c.648-.652 1.047-1.313.459-1.9c-.478-.479-1.004-.3-1.535.132l-.587-.587c1.078-1.051 2.017-1.926 2.819-2.677l.517.515c-.435.531-.612 1.058-.132 1.537c.588.586 1.247.191 1.898-.462c.654-.652 1.05-1.313.462-1.9c-.48-.481-1.006-.301-1.537.131m-27.67 30.605c-.09.039-.182.076-.281.117c-1.775.73-4.211 1.729-5.078 4.541c-.318 1.027-.516 2.166-.725 3.375c-.412 2.382-.881 5.081-2.339 6.54c-2.039 2.039-4.439 2.875-7.139 2.49c-2.643-.375-5.464-1.945-7.941-4.424c-2.478-2.477-4.048-5.296-4.422-7.938c-.386-2.699.453-5.1 2.489-7.139c1.398-1.398 3.443-2.117 6.631-2.329c5.936-.393 7.287-3.85 8.181-6.137c.698-1.789.934-2.393 2.671-2.525c1.807-.137 3.018.598 4.394 1.918l-4.325 4.082l4.452 4.454l.08-.085c.272.814.653 1.467 1.162 1.976a3.713 3.713 0 0 0 2.19 1.084m15.546-28.209a1.283 1.283 0 1 1-1.813-1.816a1.283 1.283 0 0 1 1.813 1.816m1.643-5.273c.502-.5 1.314-.5 1.817 0a1.286 1.286 0 0 1-.002 1.814c-.503.502-1.315.5-1.813 0a1.279 1.279 0 0 1-.002-1.814m1.987 8.9a1.286 1.286 0 0 1-1.817-1.816c.504-.5 1.315-.5 1.817.002a1.28 1.28 0 0 1 0 1.814m1.469-12.355a1.28 1.28 0 0 1 1.814.002a1.283 1.283 0 1 1-1.814-.002m1.986 8.898a1.284 1.284 0 0 1-1.815-1.815c.5-.498 1.313-.5 1.816 0a1.285 1.285 0 0 1-.001 1.815m3.455-3.456A1.28 1.28 0 1 1 56.5 9.328c.5-.504 1.313-.502 1.814 0s.503 1.31-.001 1.812\" fill=\"#626262\"/></svg>', NULL, 'palevioletred', '2020-12-18 04:38:18', '2020-12-18 04:38:18');



INSERT INTO `sub_categorias` (`id`, `nombre`, `descripcion`, `categoria_id`, `created_at`, `updated_at`) VALUES
(1, 'Carros', 'Carros', 1, '2020-12-17 23:38:45', '2020-12-17 23:38:45'),
(2, 'Motos', 'Motos', 1, '2020-12-17 23:38:52', '2020-12-17 23:38:52'),
(3, 'Accesorios para carros', 'Accesorios para carros', 1, '2020-12-17 23:38:57', '2020-12-17 23:38:57'),
(4, 'Accesorios para motos', 'Accesorios para motos', 1, '2020-12-17 23:39:05', '2020-12-17 23:39:05'),
(5, 'Patinetas eléctricas', 'Patinetas eléctricas', 1, '2020-12-17 23:39:12', '2020-12-17 23:39:12'),
(6, 'Otros Vehículos', 'Otros Vehículos', 1, '2020-12-17 23:39:22', '2020-12-17 23:39:22'),
(7, 'Apartamentos', 'Apartamentos', 2, '2020-12-17 23:40:27', '2020-12-17 23:40:27'),
(8, 'Casas', 'Casas', 2, '2020-12-17 23:40:33', '2020-12-17 23:40:33'),
(9, 'Inmuebles recreacionales', 'Inmuebles recreacionales', 2, '2020-12-17 23:40:39', '2020-12-17 23:40:39'),
(10, 'Locales comerciales', 'Locales comerciales', 2, '2020-12-17 23:40:46', '2020-12-17 23:40:46'),
(11, 'Lotes', 'Lotes', 2, '2020-12-17 23:40:52', '2020-12-17 23:40:52'),
(12, 'Otros', 'Otros', 2, '2020-12-17 23:41:00', '2020-12-17 23:41:00'),
(13, 'Celulares', 'Celulares', 3, '2020-12-17 23:41:13', '2020-12-17 23:41:13'),
(14, 'Accesorios tecnológicos', 'Accesorios tecnológicos', 3, '2020-12-17 23:41:22', '2020-12-17 23:41:22'),
(15, 'Tablets', 'Tablets', 3, '2020-12-17 23:41:30', '2020-12-17 23:41:30'),
(16, 'Televisores', 'Televisores', 3, '2020-12-17 23:41:37', '2020-12-17 23:41:37'),
(17, 'Computadores y portátiles', 'Computadores y portátiles', 3, '2020-12-17 23:41:43', '2020-12-17 23:41:43'),
(18, 'Parlantes', 'Parlantes', 3, '2020-12-17 23:41:50', '2020-12-17 23:41:50'),
(19, 'Proyectores', 'Proyectores', 3, '2020-12-17 23:41:57', '2020-12-17 23:41:57'),
(20, 'Cámaras', 'Cámaras', 3, '2020-12-17 23:42:05', '2020-12-17 23:42:05'),
(21, 'Reproductores de música', 'Reproductores de música', 3, '2020-12-17 23:42:11', '2020-12-17 23:42:11'),
(22, 'Drones', 'Drones', 3, '2020-12-17 23:42:18', '2020-12-17 23:42:18'),
(23, 'Consolas', 'Consolas', 3, '2020-12-17 23:42:25', '2020-12-17 23:42:25'),
(24, 'Otros', 'Otros', 3, '2020-12-17 23:42:32', '2020-12-17 23:42:32'),
(25, 'Muebles', 'Muebles', 4, '2020-12-17 23:42:57', '2020-12-17 23:42:57'),
(26, 'Decoración', 'Decoración', 4, '2020-12-17 23:43:07', '2020-12-17 23:43:07'),
(27, 'Cocina y mesa', 'Cocina y mesa', 4, '2020-12-17 23:43:14', '2020-12-17 23:43:14'),
(28, 'Jardín y exteriores', 'Jardín y exteriores', 4, '2020-12-17 23:43:20', '2020-12-17 23:43:20'),
(29, 'Accesorios', 'Accesorios', 4, '2020-12-17 23:43:34', '2020-12-17 23:43:34'),
(30, 'Baño', 'Baño', 4, '2020-12-17 23:43:41', '2020-12-17 23:43:41'),
(31, 'Otros', 'Otros', 4, '2020-12-17 23:43:49', '2020-12-17 23:43:49'),
(32, 'Bicicletas', 'Bicicletas', 6, '2020-12-17 23:44:05', '2020-12-17 23:44:05'),
(33, 'Gimnasio', 'Gimnasio', 6, '2020-12-17 23:44:10', '2020-12-17 23:44:10'),
(34, 'Patinaje', 'Patinaje', 6, '2020-12-17 23:44:17', '2020-12-17 23:44:17'),
(35, 'Fútbol', 'Fútbol', 6, '2020-12-17 23:44:23', '2020-12-17 23:44:23'),
(36, 'Tenis', 'Tenis', 6, '2020-12-17 23:44:31', '2020-12-17 23:44:31'),
(37, 'Baseball', 'Baseball', 6, '2020-12-17 23:44:37', '2020-12-17 23:44:37'),
(38, 'Accesorios', 'Accesorios', 6, '2020-12-17 23:44:43', '2020-12-17 23:44:43'),
(39, 'Otros deportes', 'Otros deportes', 6, '2020-12-17 23:44:51', '2020-12-17 23:44:51'),
(40, 'Cocina', 'Cocina', 7, '2020-12-17 23:45:02', '2020-12-17 23:45:02'),
(41, 'Neveras', 'Neveras', 7, '2020-12-17 23:45:09', '2020-12-17 23:45:09'),
(42, 'Lavadoras - Secadoras', 'Lavadoras - Secadoras', 7, '2020-12-17 23:45:16', '2020-12-17 23:45:16'),
(43, 'Aires acondicionados', 'Aires acondicionados', 7, '2020-12-17 23:45:22', '2020-12-17 23:45:22'),
(44, 'Ventiladores', 'Ventiladores', 7, '2020-12-17 23:45:28', '2020-12-17 23:45:28'),
(45, 'Calefacción', 'Calefacción', 7, '2020-12-17 23:45:37', '2020-12-17 23:45:37'),
(46, 'Otros electrodomésticos', 'Otros electrodomésticos', 7, '2020-12-17 23:45:42', '2020-12-17 23:45:42'),
(47, 'Ropa', 'Ropa', 8, '2020-12-17 23:46:00', '2020-12-17 23:46:00'),
(48, 'Zapatos', 'Zapatos', 8, '2020-12-17 23:46:06', '2020-12-17 23:46:06'),
(49, 'Accesorios de belleza', 'Accesorios de belleza', 8, '2020-12-17 23:46:16', '2020-12-17 23:46:16'),
(50, 'Accesorios de vestir', 'Accesorios de vestir', 8, '2020-12-17 23:46:22', '2020-12-17 23:46:22'),
(51, 'Otros', 'Otros', 8, '2020-12-17 23:46:28', '2020-12-17 23:46:28'),
(52, 'Consolas', 'Consolas', 9, '2020-12-17 23:46:45', '2020-12-17 23:46:45'),
(53, 'Video juegos', 'Video juegos', 9, '2020-12-17 23:46:52', '2020-12-17 23:46:52'),
(54, 'Accesorios - Otros', 'Accesorios - Otros', 9, '2020-12-17 23:46:59', '2020-12-17 23:46:59'),
(55, 'Perros', 'Perros', 10, '2020-12-17 23:47:11', '2020-12-17 23:47:11'),
(56, 'Gatos', 'Gatos', 10, '2020-12-17 23:47:16', '2020-12-17 23:47:16'),
(57, 'Otras mascotas', 'Otras mascotas', 10, '2020-12-17 23:47:21', '2020-12-17 23:47:21'),
(58, 'Accesorios', 'Accesorios', 10, '2020-12-17 23:47:27', '2020-12-17 23:47:27'),
(59, 'Máquinas', 'Máquinas', 11, '2020-12-17 23:47:42', '2020-12-17 23:47:42'),
(60, 'Herramientas', 'Herramientas', 11, '2020-12-17 23:47:48', '2020-12-17 23:47:48'),
(61, 'Cunas', 'Cunas', 12, '2020-12-17 23:47:59', '2020-12-17 23:47:59'),
(62, 'Coches', 'Coches', 12, '2020-12-17 23:48:04', '2020-12-17 23:48:04'),
(63, 'Juegos de mesa', 'Juegos de mesa', 12, '2020-12-17 23:48:11', '2020-12-17 23:48:11'),
(64, 'Juguetes', 'Juguetes', 12, '2020-12-17 23:48:16', '2020-12-17 23:48:16'),
(65, 'Ropa', 'Ropa', 12, '2020-12-17 23:48:22', '2020-12-17 23:48:22'),
(66, 'Calzado', 'Calzado', 12, '2020-12-17 23:48:29', '2020-12-17 23:48:29'),
(67, 'Otros', 'Otros', 12, '2020-12-17 23:48:35', '2020-12-17 23:48:35'),
(68, 'CDs', 'CDs', 13, '2020-12-17 23:48:48', '2020-12-17 23:48:48'),
(69, 'DVDs', 'DVDs', 13, '2020-12-17 23:48:54', '2020-12-17 23:48:54'),
(70, 'Arte - Antigüedades', 'Arte - Antigüedades', 13, '2020-12-17 23:49:03', '2020-12-17 23:49:03'),
(71, 'Manualidades', 'Manualidades', 13, '2020-12-17 23:49:09', '2020-12-17 23:49:09'),
(72, 'Otros', 'Otros', 13, '2020-12-17 23:49:16', '2020-12-17 23:49:16');


INSERT INTO `condicion` (`id`, `nombre`, `created_at`, `updated_at`) VALUES (NULL, 'Nuevo', NULL, NULL), (NULL, 'Como nuevo', NULL, NULL), (NULL, 'Bueno', NULL, NULL), (NULL, 'Aceptable', NULL, NULL), (NULL, 'Lo ha dado todo', NULL, NULL);

